-- phpMyAdmin SQL Dump
-- version 5.2.0
-- https://www.phpmyadmin.net/
--
-- Host: 127.0.0.1
-- Generation Time: Mar 08, 2023 at 06:25 PM
-- Server version: 10.4.27-MariaDB
-- PHP Version: 8.0.25

SET SQL_MODE = "NO_AUTO_VALUE_ON_ZERO";
START TRANSACTION;
SET time_zone = "+00:00";


/*!40101 SET @OLD_CHARACTER_SET_CLIENT=@@CHARACTER_SET_CLIENT */;
/*!40101 SET @OLD_CHARACTER_SET_RESULTS=@@CHARACTER_SET_RESULTS */;
/*!40101 SET @OLD_COLLATION_CONNECTION=@@COLLATION_CONNECTION */;
/*!40101 SET NAMES utf8mb4 */;

--
-- Database: `hcd`
--

-- --------------------------------------------------------

--
-- Table structure for table `ai`
--

CREATE TABLE `ai` (
  `enroll` varchar(15) NOT NULL,
  `name` varchar(150) NOT NULL,
  `gr_no` varchar(6) NOT NULL,
  `total` varchar(3) NOT NULL,
  `present` varchar(3) NOT NULL,
  `percentage` varchar(4) NOT NULL
) ENGINE=InnoDB DEFAULT CHARSET=utf8mb4 COLLATE=utf8mb4_general_ci;

--
-- Dumping data for table `ai`
--

INSERT INTO `ai` (`enroll`, `name`, `gr_no`, `total`, `present`, `percentage`) VALUES
('92200957001', 'RUDRA MAYURBHAI GOHEL', '115773', '22', '19', '86'),
('92200957002', 'VRAJ VIPULBHAI KAKASANIYA', '115774', '23', '17', '73'),
('92110133019', 'AAKASH ARVINDBHAI PRAJAPATI', '115839', '23', '21', '91'),
('92110133018', 'DEVANSHKUMAR KETANKUMAR BAGATHARIA', '115884', '23', '23', '100'),
('92110133017', 'MONIL DHIMAN PATEL', '115968', '22', '22', '100'),
('92200957006', 'TRUPALI JITENDRABHAI JASANI', '116242', '22', '22', '100'),
('92200957007', 'DRASHTI TUSHAR RIBADIYA', '116243', '22', '22', '100'),
('92200957008', 'DIPALI KISHORBHAI JOSHI', '116460', '23', '22', '95'),
('92200957009', 'MOHIB ISUBBHAI PATTA', '116571', '22', '22', '100'),
('92200957010', 'SANIDHYA JAYESHBHAI LUNAGARIYA', '116619', '22', '22', '100'),
('92200957011', 'ISHA HITESHKUMAR DAVE', '116725', '22', '19', '86'),
('92200957012', 'DHRUV SURESHBHAI MAKWANA', '116802', '23', '19', '82'),
('92200957013', 'PARI SUDIPBHAI MEHTA', '116844', '22', '22', '100'),
('92200957014', 'MEET NITINBHAI SENJALIYA', '116920', '23', '23', '100'),
('92200957015', 'ABHI RAJESHKUMAR MORI', '116936', '23', '22', '95'),
('92200957016', 'RUTVA MANOJBHAI CHAUHAN', '116952', '23', '22', '95'),
('92200957017', 'HARSHAL ALPESHBHAI BHATT', '117086', '23', '22', '95'),
('92200957018', 'TEJASBHAI KIRANBHAI VADGAMA', '117108', '23', '23', '100'),
('92200957019', 'DEVANSH JANAKBHAI KARIA', '117113', '22', '22', '100'),
('92200957020', 'SATYAJEETSINH VANRAJSINH CHUDASAMA', '117130', '22', '22', '100'),
('92200957021', 'KESHVI SHAILESHBHAI SANTOKI', '117170', '22', '22', '100'),
('92200957022', 'JAY ATULBHAI JAGATIYA', '117190', '23', '23', '100'),
('92200957023', 'AVANI NISITHBHAI KAILA', '117208', '23', '23', '100'),
('92200957024', 'PRATHAM NIRMALBHAI TANK', '117223', '22', '22', '100'),
('92200957025', 'VISHVDEEPSINH DIGPALSINH JADEJA', '117234', '22', '22', '100'),
('92200957026', 'DHRUV RASHMIN PANDYA', '117266', '22', '22', '100'),
('92200957027', 'RIYA HARIRAY THAKRAR', '117273', '22', '22', '100'),
('92200957028', 'ARYAN RAKESHBHAI KHIRASARIA', '117278', '23', '23', '100'),
('92200957029', 'DHRUVI NILESHBHAI GOLTAR', '117413', '23', '19', '82'),
('92200957030', 'JENISH VIJAYBHAI DESAI', '117438', '22', '22', '100'),
('92200957031', 'DRASHTI MANISHBHAI SUREJA', '117447', '23', '22', '95'),
('92200957032', 'HARPAL VAJUBHAI MAKWANA', '117468', '23', '20', '86'),
('92200957033', 'KRUTARTH CHETANBHAI RANPURA', '117531', '23', '23', '100'),
('92200957034', 'ARYAN  JOSHI', '117554', '23', '22', '95'),
('92200957035', 'DHRUV NITINBHAI DAVE', '117557', '23', '22', '95'),
('92200957036', 'GRISHMA PRAVINBHAI CHAUHAN', '117566', '23', '22', '95'),
('92200957037', 'PARIDHI ASHWINBHAI PAREKH', '117694', '22', '17', '77'),
('92200957038', 'JENISH HETULBHAI BAGTHARIYA', '117727', '23', '22', '95'),
('92200957039', 'KRISH PRAKASHBHAI SAKARIYA', '117759', '23', '23', '100'),
('92200957040', 'ARJUN JAGDISHBHAI LADVA', '117868', '23', '23', '100'),
('92200957065', 'DEEP  NANDA', '118009', '13', '10', '76'),
('92200957041', 'PRINCE BABUBHAI RATHOD', '118039', '23', '21', '91'),
('92200957042', 'AMISHA NITESH NAKUM', '118046', '22', '22', '100'),
('92200957043', 'HARSH CHANDRESHBHAI MOLIYA', '118048', '23', '21', '91'),
('92200957044', 'RIDDHI MAHENDRABHAI BAVARIYA', '118103', '23', '16', '69'),
('92200957045', 'KRISHRAJ KAUSHIKBHAI RATHOD', '118162', '22', '22', '100'),
('92200957046', 'TANISHQ RAJPARA  ', '118210', '23', '19', '82'),
('92200957047', 'JEET MANISHKUMAR PANDYA', '118366', '22', '21', '95'),
('92200957048', 'SHIVKUMAR PAUN  ', '118490', '22', '22', '100'),
('92200957049', 'KAAVYA  RAO', '118515', '22', '19', '86'),
('92200957050', 'SIMRAN SAMIRBHAI GHUMARA', '118559', '22', '22', '100'),
('92200957051', 'SANJANA RAAJ JAGANI', '118586', '22', '21', '95'),
('92200957052', 'DAKSHESH  DONGA', '118587', '23', '22', '95'),
('92200957053', 'JAHANVI BARAI  ', '118634', '22', '21', '95'),
('92200957054', 'NEEL TUSHAR PANDYA', '118770', '22', '22', '100'),
('92200957055', 'MAFAZ NASRULLABHAI MUSANI', '118924', '22', '22', '100'),
('92200957056', 'SWAYAMKUMAR MANEK  ', '118934', '19', '17', '89'),
('92200957057', 'JANAK KETANBHAI OZA', '118968', '22', '22', '100'),
('92200957058', 'DHRUV GOHEL  ', '119006', '23', '22', '95'),
('92200957059', 'MAHIMA  ', '119010', '22', '22', '100'),
('92200957060', 'ASMI DHIRAJBHAI AKBARI', '119058', '23', '22', '95'),
('92200957061', 'MOHIT DILIPBHAI PAREKH', '119059', '23', '23', '100'),
('92200957062', 'NISHIT  DHOKAI', '119064', '22', '22', '100'),
('92200957063', 'DHRUV DINESHBHAI CHHAYANI', '119199', '23', '23', '100'),
('92200957064', 'SHIVANG BHATT  ', '119209', '22', '22', '100'),
('92200957066', 'SAVAN MANOJBHAI BHANDERI', '119220', '23', '22', '95'),
('92200957067', 'HITTARTH NITINBHAI KHENI', '119358', '22', '22', '100'),
('92200957068', 'DIYA DILIPBHAI FALDU', '119452', '20', '19', '95'),
('92200957069', 'PREM NILESHBHAI JOSHI', '119457', '22', '22', '100'),
('92200957070', 'AYUSH DHARMESHBHAI VORA', '119460', '22', '22', '100'),
('92200957071', 'DEV BIPINBHAI BHORANIYA', '119605', '22', '22', '100'),
('92200957072', 'VIDHI SATISH MANGLANI', '119641', '22', '21', '95'),
('92200957073', 'DIVYARAJ PRADIPSINH PARMAR', '119662', '20', '19', '95'),
('92200957074', 'MOHD AADIL ADMANI  ', '119767', '20', '20', '100'),
('92200957075', 'HASTI RAJENDRABHAI MOD', '119894', '20', '18', '90'),
('92200957076', 'DAVID MUSHONI MPUYA  ', '119902', '22', '2', '9'),
('92200957077', 'DENZEL RUFU  ', '120219', '12', '2', '16'),
('92200957078', 'AMANI MUGISHA KEVIN  ', '120288', '9', '2', '22'),
('', '', '', '', '', ''),
('92200957001', 'RUDRA MAYURBHAI GOHEL', '115773', '22', '19', '86'),
('92200957002', 'VRAJ VIPULBHAI KAKASANIYA', '115774', '23', '17', '73'),
('92110133019', 'AAKASH ARVINDBHAI PRAJAPATI', '115839', '23', '21', '91'),
('92110133018', 'DEVANSHKUMAR KETANKUMAR BAGATHARIA', '115884', '23', '23', '100'),
('92110133017', 'MONIL DHIMAN PATEL', '115968', '22', '22', '100'),
('92200957006', 'TRUPALI JITENDRABHAI JASANI', '116242', '22', '22', '100'),
('92200957007', 'DRASHTI TUSHAR RIBADIYA', '116243', '22', '22', '100'),
('92200957008', 'DIPALI KISHORBHAI JOSHI', '116460', '23', '22', '95'),
('92200957009', 'MOHIB ISUBBHAI PATTA', '116571', '22', '22', '100'),
('92200957010', 'SANIDHYA JAYESHBHAI LUNAGARIYA', '116619', '22', '22', '100'),
('92200957011', 'ISHA HITESHKUMAR DAVE', '116725', '22', '19', '86'),
('92200957012', 'DHRUV SURESHBHAI MAKWANA', '116802', '23', '19', '82'),
('92200957013', 'PARI SUDIPBHAI MEHTA', '116844', '22', '22', '100'),
('92200957014', 'MEET NITINBHAI SENJALIYA', '116920', '23', '23', '100'),
('92200957015', 'ABHI RAJESHKUMAR MORI', '116936', '23', '22', '95'),
('92200957016', 'RUTVA MANOJBHAI CHAUHAN', '116952', '23', '22', '95'),
('92200957017', 'HARSHAL ALPESHBHAI BHATT', '117086', '23', '22', '95'),
('92200957018', 'TEJASBHAI KIRANBHAI VADGAMA', '117108', '23', '23', '100'),
('92200957019', 'DEVANSH JANAKBHAI KARIA', '117113', '22', '22', '100'),
('92200957020', 'SATYAJEETSINH VANRAJSINH CHUDASAMA', '117130', '22', '22', '100'),
('92200957021', 'KESHVI SHAILESHBHAI SANTOKI', '117170', '22', '22', '100'),
('92200957022', 'JAY ATULBHAI JAGATIYA', '117190', '23', '23', '100'),
('92200957023', 'AVANI NISITHBHAI KAILA', '117208', '23', '23', '100'),
('92200957024', 'PRATHAM NIRMALBHAI TANK', '117223', '22', '22', '100'),
('92200957025', 'VISHVDEEPSINH DIGPALSINH JADEJA', '117234', '22', '22', '100'),
('92200957026', 'DHRUV RASHMIN PANDYA', '117266', '22', '22', '100'),
('92200957027', 'RIYA HARIRAY THAKRAR', '117273', '22', '22', '100'),
('92200957028', 'ARYAN RAKESHBHAI KHIRASARIA', '117278', '23', '23', '100'),
('92200957029', 'DHRUVI NILESHBHAI GOLTAR', '117413', '23', '19', '82'),
('92200957030', 'JENISH VIJAYBHAI DESAI', '117438', '22', '22', '100'),
('92200957031', 'DRASHTI MANISHBHAI SUREJA', '117447', '23', '22', '95'),
('92200957032', 'HARPAL VAJUBHAI MAKWANA', '117468', '23', '20', '86'),
('92200957033', 'KRUTARTH CHETANBHAI RANPURA', '117531', '23', '23', '100'),
('92200957034', 'ARYAN  JOSHI', '117554', '23', '22', '95'),
('92200957035', 'DHRUV NITINBHAI DAVE', '117557', '23', '22', '95'),
('92200957036', 'GRISHMA PRAVINBHAI CHAUHAN', '117566', '23', '22', '95'),
('92200957037', 'PARIDHI ASHWINBHAI PAREKH', '117694', '22', '17', '77'),
('92200957038', 'JENISH HETULBHAI BAGTHARIYA', '117727', '23', '22', '95'),
('92200957039', 'KRISH PRAKASHBHAI SAKARIYA', '117759', '23', '23', '100'),
('92200957040', 'ARJUN JAGDISHBHAI LADVA', '117868', '23', '23', '100'),
('92200957065', 'DEEP  NANDA', '118009', '13', '10', '76'),
('92200957041', 'PRINCE BABUBHAI RATHOD', '118039', '23', '21', '91'),
('92200957042', 'AMISHA NITESH NAKUM', '118046', '22', '22', '100'),
('92200957043', 'HARSH CHANDRESHBHAI MOLIYA', '118048', '23', '21', '91'),
('92200957044', 'RIDDHI MAHENDRABHAI BAVARIYA', '118103', '23', '16', '69'),
('92200957045', 'KRISHRAJ KAUSHIKBHAI RATHOD', '118162', '22', '22', '100'),
('92200957046', 'TANISHQ RAJPARA  ', '118210', '23', '19', '82'),
('92200957047', 'JEET MANISHKUMAR PANDYA', '118366', '22', '21', '95'),
('92200957048', 'SHIVKUMAR PAUN  ', '118490', '22', '22', '100'),
('92200957049', 'KAAVYA  RAO', '118515', '22', '19', '86'),
('92200957050', 'SIMRAN SAMIRBHAI GHUMARA', '118559', '22', '22', '100'),
('92200957051', 'SANJANA RAAJ JAGANI', '118586', '22', '21', '95'),
('92200957052', 'DAKSHESH  DONGA', '118587', '23', '22', '95'),
('92200957053', 'JAHANVI BARAI  ', '118634', '22', '21', '95'),
('92200957054', 'NEEL TUSHAR PANDYA', '118770', '22', '22', '100'),
('92200957055', 'MAFAZ NASRULLABHAI MUSANI', '118924', '22', '22', '100'),
('92200957056', 'SWAYAMKUMAR MANEK  ', '118934', '19', '17', '89'),
('92200957057', 'JANAK KETANBHAI OZA', '118968', '22', '22', '100'),
('92200957058', 'DHRUV GOHEL  ', '119006', '23', '22', '95'),
('92200957059', 'MAHIMA  ', '119010', '22', '22', '100'),
('92200957060', 'ASMI DHIRAJBHAI AKBARI', '119058', '23', '22', '95'),
('92200957061', 'MOHIT DILIPBHAI PAREKH', '119059', '23', '23', '100'),
('92200957062', 'NISHIT  DHOKAI', '119064', '22', '22', '100'),
('92200957063', 'DHRUV DINESHBHAI CHHAYANI', '119199', '23', '23', '100'),
('92200957064', 'SHIVANG BHATT  ', '119209', '22', '22', '100'),
('92200957066', 'SAVAN MANOJBHAI BHANDERI', '119220', '23', '22', '95'),
('92200957067', 'HITTARTH NITINBHAI KHENI', '119358', '22', '22', '100'),
('92200957068', 'DIYA DILIPBHAI FALDU', '119452', '20', '19', '95'),
('92200957069', 'PREM NILESHBHAI JOSHI', '119457', '22', '22', '100'),
('92200957070', 'AYUSH DHARMESHBHAI VORA', '119460', '22', '22', '100'),
('92200957071', 'DEV BIPINBHAI BHORANIYA', '119605', '22', '22', '100'),
('92200957072', 'VIDHI SATISH MANGLANI', '119641', '22', '21', '95'),
('92200957073', 'DIVYARAJ PRADIPSINH PARMAR', '119662', '20', '19', '95'),
('92200957074', 'MOHD AADIL ADMANI  ', '119767', '20', '20', '100'),
('92200957075', 'HASTI RAJENDRABHAI MOD', '119894', '20', '18', '90'),
('92200957076', 'DAVID MUSHONI MPUYA  ', '119902', '22', '2', '9'),
('92200957077', 'DENZEL RUFU  ', '120219', '12', '2', '16'),
('92200957078', 'AMANI MUGISHA KEVIN  ', '120288', '9', '2', '22'),
('', '', '', '', '', '');

-- --------------------------------------------------------

--
-- Table structure for table `aj`
--

CREATE TABLE `aj` (
  `enroll` varchar(15) NOT NULL,
  `name` varchar(150) NOT NULL,
  `gr_no` varchar(6) NOT NULL,
  `total` varchar(3) NOT NULL,
  `present` varchar(3) NOT NULL,
  `percentage` varchar(4) NOT NULL
) ENGINE=InnoDB DEFAULT CHARSET=utf8mb4 COLLATE=utf8mb4_general_ci;

-- --------------------------------------------------------

--
-- Table structure for table `awt`
--

CREATE TABLE `awt` (
  `enroll` varchar(15) NOT NULL,
  `name` varchar(150) NOT NULL,
  `gr_no` varchar(6) NOT NULL,
  `total` varchar(3) NOT NULL,
  `present` varchar(3) NOT NULL,
  `percentage` varchar(4) NOT NULL
) ENGINE=InnoDB DEFAULT CHARSET=utf8mb4 COLLATE=utf8mb4_general_ci;

-- --------------------------------------------------------

--
-- Table structure for table `bb`
--

CREATE TABLE `bb` (
  `enroll` varchar(15) NOT NULL,
  `name` varchar(150) NOT NULL,
  `gr_no` varchar(6) NOT NULL,
  `total` varchar(3) NOT NULL,
  `present` varchar(3) NOT NULL,
  `percentage` varchar(4) NOT NULL
) ENGINE=InnoDB DEFAULT CHARSET=utf8mb4 COLLATE=utf8mb4_general_ci;

-- --------------------------------------------------------

--
-- Table structure for table `ca_2`
--

CREATE TABLE `ca_2` (
  `enroll` varchar(15) NOT NULL,
  `name` varchar(150) NOT NULL,
  `gr_no` varchar(6) NOT NULL,
  `total` varchar(3) NOT NULL,
  `present` varchar(3) NOT NULL,
  `percentage` varchar(4) NOT NULL
) ENGINE=InnoDB DEFAULT CHARSET=utf8mb4 COLLATE=utf8mb4_general_ci;

-- --------------------------------------------------------

--
-- Table structure for table `cc`
--

CREATE TABLE `cc` (
  `enroll` varchar(15) NOT NULL,
  `name` varchar(150) NOT NULL,
  `gr_no` varchar(6) NOT NULL,
  `total` varchar(3) NOT NULL,
  `present` varchar(3) NOT NULL,
  `percentage` varchar(4) NOT NULL
) ENGINE=InnoDB DEFAULT CHARSET=utf8mb4 COLLATE=utf8mb4_general_ci;

-- --------------------------------------------------------

--
-- Table structure for table `cs`
--

CREATE TABLE `cs` (
  `enroll` varchar(15) NOT NULL,
  `name` varchar(150) NOT NULL,
  `gr_no` varchar(6) NOT NULL,
  `total` varchar(3) NOT NULL,
  `present` varchar(3) NOT NULL,
  `percentage` varchar(4) NOT NULL
) ENGINE=InnoDB DEFAULT CHARSET=utf8mb4 COLLATE=utf8mb4_general_ci;

-- --------------------------------------------------------

--
-- Table structure for table `ddv`
--

CREATE TABLE `ddv` (
  `enroll` varchar(15) NOT NULL,
  `name` varchar(150) NOT NULL,
  `gr_no` varchar(6) NOT NULL,
  `total` varchar(3) NOT NULL,
  `persent` varchar(3) NOT NULL,
  `percentage` varchar(4) NOT NULL
) ENGINE=InnoDB DEFAULT CHARSET=utf8mb4 COLLATE=utf8mb4_general_ci;

-- --------------------------------------------------------

--
-- Table structure for table `elective_details`
--

CREATE TABLE `elective_details` (
  `id` int(11) NOT NULL,
  `sub_code` varchar(12) NOT NULL,
  `sub_name` varchar(15) NOT NULL,
  `emp_id` int(11) NOT NULL,
  `class` varchar(5) DEFAULT NULL,
  `STATUS` int(11) NOT NULL DEFAULT 0
) ENGINE=InnoDB DEFAULT CHARSET=utf8mb4 COLLATE=utf8mb4_general_ci;

--
-- Dumping data for table `elective_details`
--

INSERT INTO `elective_details` (`id`, `sub_code`, `sub_name`, `emp_id`, `class`, `STATUS`) VALUES
(1, '01CT0623', 'AJ', 0, '6TK1', 0),
(2, '01CT0625', 'AWT', 2505, '6TK1', 0),
(3, '01CT0611', 'CC', 0, '6TK1', 0),
(4, '01CT0627', 'CS', 2603, '6TK1', 0),
(5, '01CT0618', 'SIOT', 1525, '6TK1', 0),
(6, '01CT0619', 'DDV', 0, '6TK1', 0);

-- --------------------------------------------------------

--
-- Table structure for table `faculty_details`
--

CREATE TABLE `faculty_details` (
  `id` int(11) NOT NULL,
  `emp_no` int(11) NOT NULL,
  `emp_name` varchar(100) NOT NULL,
  `email` varchar(255) NOT NULL,
  `password` varchar(255) NOT NULL,
  `emp_number` varchar(11) NOT NULL,
  `sub_code` varchar(12) DEFAULT NULL,
  `class` varchar(5) DEFAULT NULL,
  `STATUS` int(11) NOT NULL DEFAULT 0
) ENGINE=InnoDB DEFAULT CHARSET=utf8mb4 COLLATE=utf8mb4_general_ci;

--
-- Dumping data for table `faculty_details`
--

INSERT INTO `faculty_details` (`id`, `emp_no`, `emp_name`, `email`, `password`, `emp_number`, `sub_code`, `class`, `STATUS`) VALUES
(2, 1456, 'HOD C.D.Parmmar', 'krunaltrivedi2601@gmail.com', '123456', '7569852103', '01CT0617', '1', 0),
(3, 1525, 'Prof. Vijay Dubey', 'kunalcraval@gmail.com', '123456', '7569852104', '01CT0618', '6TK1', 0),
(4, 1478, 'Prof. Nishith Kotak', 'mnbvc7816@gmail.com', '123456', '7569852105', '01CT0616', '4TK1', 0),
(5, 2505, 'Prof. Chirag Visani', 'cv@gmail.com', '123456', '7569852106', NULL, '6TK1', 0),
(6, 2603, 'Prof. Aarjav bavara', 'xyz@gmail.com', '123456', '7589642301', NULL, '6TK1', 0);

-- --------------------------------------------------------

--
-- Table structure for table `hcd`
--

CREATE TABLE `hcd` (
  `enroll` varchar(15) NOT NULL,
  `name` varchar(150) NOT NULL,
  `gr_no` varchar(6) NOT NULL,
  `total` char(2) NOT NULL,
  `present` char(2) NOT NULL,
  `percentage` varchar(4) NOT NULL
) ENGINE=InnoDB DEFAULT CHARSET=utf8mb4 COLLATE=utf8mb4_general_ci;

--
-- Dumping data for table `hcd`
--

INSERT INTO `hcd` (`enroll`, `name`, `gr_no`, `total`, `present`, `percentage`) VALUES
('92200957001', 'RUDRA MAYURBHAI GOHEL', ' ', '22', '19', '86'),
('92200957002', 'VRAJ VIPULBHAI KAKASANIYA', '115774', '23', '17', '73'),
('92110133019', 'AAKASH ARVINDBHAI PRAJAPATI', '115839', '23', '21', '91'),
('92110133018', 'DEVANSHKUMAR KETANKUMAR BAGATHARIA', '115884', '23', '23', '100'),
('92110133017', 'MONIL DHIMAN PATEL', '115968', '22', '22', '100'),
('92200957006', 'TRUPALI JITENDRABHAI JASANI', '116242', '22', '22', '100'),
('92200957007', 'DRASHTI TUSHAR RIBADIYA', '116243', '22', '22', '100'),
('92200957008', 'DIPALI KISHORBHAI JOSHI', '116460', '23', '22', '95'),
('92200957009', 'MOHIB ISUBBHAI PATTA', '116571', '22', '22', '100'),
('92200957010', 'SANIDHYA JAYESHBHAI LUNAGARIYA', '116619', '22', '22', '100'),
('92200957011', 'ISHA HITESHKUMAR DAVE', '116725', '22', '19', '86'),
('92200957012', 'DHRUV SURESHBHAI MAKWANA', '116802', '23', '19', '82'),
('92200957013', 'PARI SUDIPBHAI MEHTA', '116844', '22', '22', '100'),
('92200957014', 'MEET NITINBHAI SENJALIYA', '116920', '23', '23', '100'),
('92200957015', 'ABHI RAJESHKUMAR MORI', '116936', '23', '22', '95'),
('92200957016', 'RUTVA MANOJBHAI CHAUHAN', '116952', '23', '22', '95'),
('92200957017', 'HARSHAL ALPESHBHAI BHATT', '117086', '23', '22', '95'),
('92200957018', 'TEJASBHAI KIRANBHAI VADGAMA', '117108', '23', '23', '100'),
('92200957019', 'DEVANSH JANAKBHAI KARIA', '117113', '22', '22', '100'),
('92200957020', 'SATYAJEETSINH VANRAJSINH CHUDASAMA', '117130', '22', '22', '100'),
('92200957021', 'KESHVI SHAILESHBHAI SANTOKI', '117170', '22', '22', '100'),
('92200957022', 'JAY ATULBHAI JAGATIYA', '117190', '23', '23', '100'),
('92200957023', 'AVANI NISITHBHAI KAILA', '117208', '23', '23', '100'),
('92200957024', 'PRATHAM NIRMALBHAI TANK', '117223', '22', '22', '100'),
('92200957025', 'VISHVDEEPSINH DIGPALSINH JADEJA', '117234', '22', '22', '100'),
('92200957026', 'DHRUV RASHMIN PANDYA', '117266', '22', '22', '100'),
('92200957027', 'RIYA HARIRAY THAKRAR', '117273', '22', '22', '100'),
('92200957028', 'ARYAN RAKESHBHAI KHIRASARIA', '117278', '23', '23', '100'),
('92200957029', 'DHRUVI NILESHBHAI GOLTAR', '117413', '23', '19', '82'),
('92200957030', 'JENISH VIJAYBHAI DESAI', '117438', '22', '22', '100'),
('92200957031', 'DRASHTI MANISHBHAI SUREJA', '117447', '23', '22', '95'),
('92200957032', 'HARPAL VAJUBHAI MAKWANA', '117468', '23', '20', '86'),
('92200957033', 'KRUTARTH CHETANBHAI RANPURA', '117531', '23', '23', '100'),
('92200957034', 'ARYAN  JOSHI', '117554', '23', '22', '95'),
('92200957035', 'DHRUV NITINBHAI DAVE', '117557', '23', '22', '95'),
('92200957036', 'GRISHMA PRAVINBHAI CHAUHAN', '117566', '23', '22', '95'),
('92200957037', 'PARIDHI ASHWINBHAI PAREKH', '117694', '22', '17', '77'),
('92200957038', 'JENISH HETULBHAI BAGTHARIYA', '117727', '23', '22', '95'),
('92200957039', 'KRISH PRAKASHBHAI SAKARIYA', '117759', '23', '23', '100'),
('92200957040', 'ARJUN JAGDISHBHAI LADVA', '117868', '23', '23', '100'),
('92200957065', 'DEEP  NANDA', '118009', '13', '10', '76'),
('92200957041', 'PRINCE BABUBHAI RATHOD', '118039', '23', '21', '91'),
('92200957042', 'AMISHA NITESH NAKUM', '118046', '22', '22', '100'),
('92200957043', 'HARSH CHANDRESHBHAI MOLIYA', '118048', '23', '21', '91'),
('92200957044', 'RIDDHI MAHENDRABHAI BAVARIYA', '118103', '23', '16', '69'),
('92200957045', 'KRISHRAJ KAUSHIKBHAI RATHOD', '118162', '22', '22', '100'),
('92200957046', 'TANISHQ RAJPARA  ', '118210', '23', '19', '82'),
('92200957047', 'JEET MANISHKUMAR PANDYA', '118366', '22', '21', '95'),
('92200957048', 'SHIVKUMAR PAUN  ', '118490', '22', '22', '100'),
('92200957049', 'KAAVYA  RAO', '118515', '22', '19', '86'),
('92200957050', 'SIMRAN SAMIRBHAI GHUMARA', '118559', '22', '22', '100'),
('92200957051', 'SANJANA RAAJ JAGANI', '118586', '22', '21', '95'),
('92200957052', 'DAKSHESH  DONGA', '118587', '23', '22', '95'),
('92200957053', 'JAHANVI BARAI  ', '118634', '22', '21', '95'),
('92200957054', 'NEEL TUSHAR PANDYA', '118770', '22', '22', '100'),
('92200957055', 'MAFAZ NASRULLABHAI MUSANI', '118924', '22', '22', '100'),
('92200957056', 'SWAYAMKUMAR MANEK  ', '118934', '19', '17', '89'),
('92200957057', 'JANAK KETANBHAI OZA', '118968', '22', '22', '100'),
('92200957058', 'DHRUV GOHEL  ', '119006', '23', '22', '95'),
('92200957059', 'MAHIMA  ', '119010', '22', '22', '100'),
('92200957060', 'ASMI DHIRAJBHAI AKBARI', '119058', '23', '22', '95'),
('92200957061', 'MOHIT DILIPBHAI PAREKH', '119059', '23', '23', '100'),
('92200957062', 'NISHIT  DHOKAI', '119064', '22', '22', '100'),
('92200957063', 'DHRUV DINESHBHAI CHHAYANI', '119199', '23', '23', '100'),
('92200957064', 'SHIVANG BHATT  ', '119209', '22', '22', '100'),
('92200957066', 'SAVAN MANOJBHAI BHANDERI', '119220', '23', '22', '95'),
('92200957067', 'HITTARTH NITINBHAI KHENI', '119358', '22', '22', '100'),
('92200957068', 'DIYA DILIPBHAI FALDU', '119452', '20', '19', '95'),
('92200957069', 'PREM NILESHBHAI JOSHI', '119457', '22', '22', '100'),
('92200957070', 'AYUSH DHARMESHBHAI VORA', '119460', '22', '22', '100'),
('92200957071', 'DEV BIPINBHAI BHORANIYA', '119605', '22', '22', '100'),
('92200957072', 'VIDHI SATISH MANGLANI', '119641', '22', '21', '95'),
('92200957073', 'DIVYARAJ PRADIPSINH PARMAR', '119662', '20', '19', '95'),
('92200957074', 'MOHD AADIL ADMANI  ', '119767', '20', '20', '100'),
('92200957075', 'HASTI RAJENDRABHAI MOD', '119894', '20', '18', '90'),
('92200957076', 'DAVID MUSHONI MPUYA  ', '119902', '22', '2', '9'),
('92200957077', 'DENZEL RUFU  ', '120219', '12', '2', '16'),
('92200957078', 'AMANI MUGISHA KEVIN  ', '120288', '9', '2', '22'),
('', '', '', '', '', ''),
('92200957001', 'RUDRA MAYURBHAI GOHEL', '115773', '22', '19', '86'),
('92200957002', 'VRAJ VIPULBHAI KAKASANIYA', '115774', '23', '17', '73'),
('92110133019', 'AAKASH ARVINDBHAI PRAJAPATI', '115839', '23', '21', '91'),
('92110133018', 'DEVANSHKUMAR KETANKUMAR BAGATHARIA', '115884', '23', '23', '100'),
('92110133017', 'MONIL DHIMAN PATEL', '115968', '22', '22', '100'),
('92200957006', 'TRUPALI JITENDRABHAI JASANI', '116242', '22', '22', '100'),
('92200957007', 'DRASHTI TUSHAR RIBADIYA', '116243', '22', '22', '100'),
('92200957008', 'DIPALI KISHORBHAI JOSHI', '116460', '23', '22', '95'),
('92200957009', 'MOHIB ISUBBHAI PATTA', '116571', '22', '22', '100'),
('92200957010', 'SANIDHYA JAYESHBHAI LUNAGARIYA', '116619', '22', '22', '100'),
('92200957011', 'ISHA HITESHKUMAR DAVE', '116725', '22', '19', '86'),
('92200957012', 'DHRUV SURESHBHAI MAKWANA', '116802', '23', '19', '82'),
('92200957013', 'PARI SUDIPBHAI MEHTA', '116844', '22', '22', '100'),
('92200957014', 'MEET NITINBHAI SENJALIYA', '116920', '23', '23', '100'),
('92200957015', 'ABHI RAJESHKUMAR MORI', '116936', '23', '22', '95'),
('92200957016', 'RUTVA MANOJBHAI CHAUHAN', '116952', '23', '22', '95'),
('92200957017', 'HARSHAL ALPESHBHAI BHATT', '117086', '23', '22', '95'),
('92200957018', 'TEJASBHAI KIRANBHAI VADGAMA', '117108', '23', '23', '100'),
('92200957019', 'DEVANSH JANAKBHAI KARIA', '117113', '22', '22', '100'),
('92200957020', 'SATYAJEETSINH VANRAJSINH CHUDASAMA', '117130', '22', '22', '100'),
('92200957021', 'KESHVI SHAILESHBHAI SANTOKI', '117170', '22', '22', '100'),
('92200957022', 'JAY ATULBHAI JAGATIYA', '117190', '23', '23', '100'),
('92200957023', 'AVANI NISITHBHAI KAILA', '117208', '23', '23', '100'),
('92200957024', 'PRATHAM NIRMALBHAI TANK', '117223', '22', '22', '100'),
('92200957025', 'VISHVDEEPSINH DIGPALSINH JADEJA', '117234', '22', '22', '100'),
('92200957026', 'DHRUV RASHMIN PANDYA', '117266', '22', '22', '100'),
('92200957027', 'RIYA HARIRAY THAKRAR', '117273', '22', '22', '100'),
('92200957028', 'ARYAN RAKESHBHAI KHIRASARIA', '117278', '23', '23', '100'),
('92200957029', 'DHRUVI NILESHBHAI GOLTAR', '117413', '23', '19', '82'),
('92200957030', 'JENISH VIJAYBHAI DESAI', '117438', '22', '22', '100'),
('92200957031', 'DRASHTI MANISHBHAI SUREJA', '117447', '23', '22', '95'),
('92200957032', 'HARPAL VAJUBHAI MAKWANA', '117468', '23', '20', '86'),
('92200957033', 'KRUTARTH CHETANBHAI RANPURA', '117531', '23', '23', '100'),
('92200957034', 'ARYAN  JOSHI', '117554', '23', '22', '95'),
('92200957035', 'DHRUV NITINBHAI DAVE', '117557', '23', '22', '95'),
('92200957036', 'GRISHMA PRAVINBHAI CHAUHAN', '117566', '23', '22', '95'),
('92200957037', 'PARIDHI ASHWINBHAI PAREKH', '117694', '22', '17', '77'),
('92200957038', 'JENISH HETULBHAI BAGTHARIYA', '117727', '23', '22', '95'),
('92200957039', 'KRISH PRAKASHBHAI SAKARIYA', '117759', '23', '23', '100'),
('92200957040', 'ARJUN JAGDISHBHAI LADVA', '117868', '23', '23', '100'),
('92200957065', 'DEEP  NANDA', '118009', '13', '10', '76'),
('92200957041', 'PRINCE BABUBHAI RATHOD', '118039', '23', '21', '91'),
('92200957042', 'AMISHA NITESH NAKUM', '118046', '22', '22', '100'),
('92200957043', 'HARSH CHANDRESHBHAI MOLIYA', '118048', '23', '21', '91'),
('92200957044', 'RIDDHI MAHENDRABHAI BAVARIYA', '118103', '23', '16', '69'),
('92200957045', 'KRISHRAJ KAUSHIKBHAI RATHOD', '118162', '22', '22', '100'),
('92200957046', 'TANISHQ RAJPARA  ', '118210', '23', '19', '82'),
('92200957047', 'JEET MANISHKUMAR PANDYA', '118366', '22', '21', '95'),
('92200957048', 'SHIVKUMAR PAUN  ', '118490', '22', '22', '100'),
('92200957049', 'KAAVYA  RAO', '118515', '22', '19', '86'),
('92200957050', 'SIMRAN SAMIRBHAI GHUMARA', '118559', '22', '22', '100'),
('92200957051', 'SANJANA RAAJ JAGANI', '118586', '22', '21', '95'),
('92200957052', 'DAKSHESH  DONGA', '118587', '23', '22', '95'),
('92200957053', 'JAHANVI BARAI  ', '118634', '22', '21', '95'),
('92200957054', 'NEEL TUSHAR PANDYA', '118770', '22', '22', '100'),
('92200957055', 'MAFAZ NASRULLABHAI MUSANI', '118924', '22', '22', '100'),
('92200957056', 'SWAYAMKUMAR MANEK  ', '118934', '19', '17', '89'),
('92200957057', 'JANAK KETANBHAI OZA', '118968', '22', '22', '100'),
('92200957058', 'DHRUV GOHEL  ', '119006', '23', '22', '95'),
('92200957059', 'MAHIMA  ', '119010', '22', '22', '100'),
('92200957060', 'ASMI DHIRAJBHAI AKBARI', '119058', '23', '22', '95'),
('92200957061', 'MOHIT DILIPBHAI PAREKH', '119059', '23', '23', '100'),
('92200957062', 'NISHIT  DHOKAI', '119064', '22', '22', '100'),
('92200957063', 'DHRUV DINESHBHAI CHHAYANI', '119199', '23', '23', '100'),
('92200957064', 'SHIVANG BHATT  ', '119209', '22', '22', '100'),
('92200957066', 'SAVAN MANOJBHAI BHANDERI', '119220', '23', '22', '95'),
('92200957067', 'HITTARTH NITINBHAI KHENI', '119358', '22', '22', '100'),
('92200957068', 'DIYA DILIPBHAI FALDU', '119452', '20', '19', '95'),
('92200957069', 'PREM NILESHBHAI JOSHI', '119457', '22', '22', '100'),
('92200957070', 'AYUSH DHARMESHBHAI VORA', '119460', '22', '22', '100'),
('92200957071', 'DEV BIPINBHAI BHORANIYA', '119605', '22', '22', '100'),
('92200957072', 'VIDHI SATISH MANGLANI', '119641', '22', '21', '95'),
('92200957073', 'DIVYARAJ PRADIPSINH PARMAR', '119662', '20', '19', '95'),
('92200957074', 'MOHD AADIL ADMANI  ', '119767', '20', '20', '100'),
('92200957075', 'HASTI RAJENDRABHAI MOD', '119894', '20', '18', '90'),
('92200957076', 'DAVID MUSHONI MPUYA  ', '119902', '22', '2', '9'),
('92200957077', 'DENZEL RUFU  ', '120219', '12', '2', '16'),
('92200957078', 'AMANI MUGISHA KEVIN  ', '120288', '9', '2', '22'),
('', '', '', '', '', '');

-- --------------------------------------------------------

--
-- Table structure for table `leaves`
--

CREATE TABLE `leaves` (
  `id` int(11) NOT NULL,
  `enrollno` varchar(15) NOT NULL,
  `reason` varchar(255) NOT NULL,
  `message` varchar(1000) NOT NULL,
  `from_date` date NOT NULL,
  `to_date` date NOT NULL,
  `approve` int(11) DEFAULT NULL
) ENGINE=InnoDB DEFAULT CHARSET=utf8mb4 COLLATE=utf8mb4_general_ci;

--
-- Dumping data for table `leaves`
--

INSERT INTO `leaves` (`id`, `enrollno`, `reason`, `message`, `from_date`, `to_date`, `approve`) VALUES
(1, '92110133017', 'FEVER', 'Due to fever approve my leave.', '2023-02-21', '2023-02-23', 1),
(2, '92110133017', 'FEVER 2', 'More Fever', '2023-02-22', '2023-02-24', 1),
(3, '92110133018', 'FUNCTION', 'Due to function approve my leave', '2023-02-22', '2023-02-24', NULL),
(4, '92110133018', 'FEVER', 'I have a fever I will not come to college.', '2023-02-24', '2023-02-25', NULL),
(5, '92110133009', 'FEVER', 'i have fever', '2023-02-22', '2023-02-24', NULL),
(6, '92110133019', 'MORE FEVER', 'I have fever i will not come to college', '2023-02-22', '2023-02-24', NULL),
(7, '92110133019', 'Family Function', 'I have function so going out of town', '2023-02-23', '2023-02-25', 1),
(8, '92110133017', 'FEVER', 'Apply leave', '2023-02-24', '2023-02-25', 0),
(9, '92110133018', 'function ', 'Please allow', '2023-02-07', '2023-02-24', 1),
(10, '92110133018', 'FEVER', 'nhfhgj', '2023-02-24', '2023-02-25', 1),
(11, '92110133018', 'FEVER', 'nhfhgj', '2023-02-24', '2023-02-25', 0),
(12, '92110133018', 'HOLI', 'HOLI ', '2023-03-07', '2023-03-08', 0);

-- --------------------------------------------------------

--
-- Table structure for table `ot`
--

CREATE TABLE `ot` (
  `enroll` varchar(15) NOT NULL,
  `name` varchar(150) NOT NULL,
  `gr_no` varchar(6) NOT NULL,
  `total` varchar(3) NOT NULL,
  `present` varchar(3) NOT NULL,
  `percentage` varchar(4) NOT NULL
) ENGINE=InnoDB DEFAULT CHARSET=utf8mb4 COLLATE=utf8mb4_general_ci;

--
-- Dumping data for table `ot`
--

INSERT INTO `ot` (`enroll`, `name`, `gr_no`, `total`, `present`, `percentage`) VALUES
('92200957001', 'RUDRA MAYURBHAI GOHEL', '115773', '22', '19', '86'),
('92200957002', 'VRAJ VIPULBHAI KAKASANIYA', '115774', '23', '17', '73'),
('92110133019', 'AAKASH ARVINDBHAI PRAJAPATI', '115839', '23', '21', '91'),
('92110133018', 'DEVANSHKUMAR KETANKUMAR BAGATHARIA', '115884', '23', '23', '100'),
('92110133017', 'MONIL DHIMAN PATEL', '115968', '22', '22', '100'),
('92200957006', 'TRUPALI JITENDRABHAI JASANI', '116242', '22', '22', '100'),
('92200957007', 'DRASHTI TUSHAR RIBADIYA', '116243', '22', '22', '100'),
('92200957008', 'DIPALI KISHORBHAI JOSHI', '116460', '23', '22', '95'),
('92200957009', 'MOHIB ISUBBHAI PATTA', '116571', '22', '22', '100'),
('92200957010', 'SANIDHYA JAYESHBHAI LUNAGARIYA', '116619', '22', '22', '100'),
('92200957011', 'ISHA HITESHKUMAR DAVE', '116725', '22', '19', '86'),
('92200957012', 'DHRUV SURESHBHAI MAKWANA', '116802', '23', '19', '82'),
('92200957013', 'PARI SUDIPBHAI MEHTA', '116844', '22', '22', '100'),
('92200957014', 'MEET NITINBHAI SENJALIYA', '116920', '23', '23', '100'),
('92200957015', 'ABHI RAJESHKUMAR MORI', '116936', '23', '22', '95'),
('92200957016', 'RUTVA MANOJBHAI CHAUHAN', '116952', '23', '22', '95'),
('92200957017', 'HARSHAL ALPESHBHAI BHATT', '117086', '23', '22', '95'),
('92200957018', 'TEJASBHAI KIRANBHAI VADGAMA', '117108', '23', '23', '100'),
('92200957019', 'DEVANSH JANAKBHAI KARIA', '117113', '22', '22', '100'),
('92200957020', 'SATYAJEETSINH VANRAJSINH CHUDASAMA', '117130', '22', '22', '100'),
('92200957021', 'KESHVI SHAILESHBHAI SANTOKI', '117170', '22', '22', '100'),
('92200957022', 'JAY ATULBHAI JAGATIYA', '117190', '23', '23', '100'),
('92200957023', 'AVANI NISITHBHAI KAILA', '117208', '23', '23', '100'),
('92200957024', 'PRATHAM NIRMALBHAI TANK', '117223', '22', '22', '100'),
('92200957025', 'VISHVDEEPSINH DIGPALSINH JADEJA', '117234', '22', '22', '100'),
('92200957026', 'DHRUV RASHMIN PANDYA', '117266', '22', '22', '100'),
('92200957027', 'RIYA HARIRAY THAKRAR', '117273', '22', '22', '100'),
('92200957028', 'ARYAN RAKESHBHAI KHIRASARIA', '117278', '23', '23', '100'),
('92200957029', 'DHRUVI NILESHBHAI GOLTAR', '117413', '23', '19', '82'),
('92200957030', 'JENISH VIJAYBHAI DESAI', '117438', '22', '22', '100'),
('92200957031', 'DRASHTI MANISHBHAI SUREJA', '117447', '23', '22', '95'),
('92200957032', 'HARPAL VAJUBHAI MAKWANA', '117468', '23', '20', '86'),
('92200957033', 'KRUTARTH CHETANBHAI RANPURA', '117531', '23', '23', '100'),
('92200957034', 'ARYAN  JOSHI', '117554', '23', '22', '95'),
('92200957035', 'DHRUV NITINBHAI DAVE', '117557', '23', '22', '95'),
('92200957036', 'GRISHMA PRAVINBHAI CHAUHAN', '117566', '23', '22', '95'),
('92200957037', 'PARIDHI ASHWINBHAI PAREKH', '117694', '22', '17', '77'),
('92200957038', 'JENISH HETULBHAI BAGTHARIYA', '117727', '23', '22', '95'),
('92200957039', 'KRISH PRAKASHBHAI SAKARIYA', '117759', '23', '23', '100'),
('92200957040', 'ARJUN JAGDISHBHAI LADVA', '117868', '23', '23', '100'),
('92200957065', 'DEEP  NANDA', '118009', '13', '10', '76'),
('92200957041', 'PRINCE BABUBHAI RATHOD', '118039', '23', '21', '91'),
('92200957042', 'AMISHA NITESH NAKUM', '118046', '22', '22', '100'),
('92200957043', 'HARSH CHANDRESHBHAI MOLIYA', '118048', '23', '21', '91'),
('92200957044', 'RIDDHI MAHENDRABHAI BAVARIYA', '118103', '23', '16', '69'),
('92200957045', 'KRISHRAJ KAUSHIKBHAI RATHOD', '118162', '22', '22', '100'),
('92200957046', 'TANISHQ RAJPARA  ', '118210', '23', '19', '82'),
('92200957047', 'JEET MANISHKUMAR PANDYA', '118366', '22', '21', '95'),
('92200957048', 'SHIVKUMAR PAUN  ', '118490', '22', '22', '100'),
('92200957049', 'KAAVYA  RAO', '118515', '22', '19', '86'),
('92200957050', 'SIMRAN SAMIRBHAI GHUMARA', '118559', '22', '22', '100'),
('92200957051', 'SANJANA RAAJ JAGANI', '118586', '22', '21', '95'),
('92200957052', 'DAKSHESH  DONGA', '118587', '23', '22', '95'),
('92200957053', 'JAHANVI BARAI  ', '118634', '22', '21', '95'),
('92200957054', 'NEEL TUSHAR PANDYA', '118770', '22', '22', '100'),
('92200957055', 'MAFAZ NASRULLABHAI MUSANI', '118924', '22', '22', '100'),
('92200957056', 'SWAYAMKUMAR MANEK  ', '118934', '19', '17', '89'),
('92200957057', 'JANAK KETANBHAI OZA', '118968', '22', '22', '100'),
('92200957058', 'DHRUV GOHEL  ', '119006', '23', '22', '95'),
('92200957059', 'MAHIMA  ', '119010', '22', '22', '100'),
('92200957060', 'ASMI DHIRAJBHAI AKBARI', '119058', '23', '22', '95'),
('92200957061', 'MOHIT DILIPBHAI PAREKH', '119059', '23', '23', '100'),
('92200957062', 'NISHIT  DHOKAI', '119064', '22', '22', '100'),
('92200957063', 'DHRUV DINESHBHAI CHHAYANI', '119199', '23', '23', '100'),
('92200957064', 'SHIVANG BHATT  ', '119209', '22', '22', '100'),
('92200957066', 'SAVAN MANOJBHAI BHANDERI', '119220', '23', '22', '95'),
('92200957067', 'HITTARTH NITINBHAI KHENI', '119358', '22', '22', '100'),
('92200957068', 'DIYA DILIPBHAI FALDU', '119452', '20', '19', '95'),
('92200957069', 'PREM NILESHBHAI JOSHI', '119457', '22', '22', '100'),
('92200957070', 'AYUSH DHARMESHBHAI VORA', '119460', '22', '22', '100'),
('92200957071', 'DEV BIPINBHAI BHORANIYA', '119605', '22', '22', '100'),
('92200957072', 'VIDHI SATISH MANGLANI', '119641', '22', '21', '95'),
('92200957073', 'DIVYARAJ PRADIPSINH PARMAR', '119662', '20', '19', '95'),
('92200957074', 'MOHD AADIL ADMANI  ', '119767', '20', '20', '100'),
('92200957075', 'HASTI RAJENDRABHAI MOD', '119894', '20', '18', '90'),
('92200957076', 'DAVID MUSHONI MPUYA  ', '119902', '22', '2', '9'),
('92200957077', 'DENZEL RUFU  ', '120219', '12', '2', '16'),
('92200957078', 'AMANI MUGISHA KEVIN  ', '120288', '9', '2', '22'),
('', '', '', '', '', ''),
('92200957001', 'RUDRA MAYURBHAI GOHEL', '115773', '22', '19', '86'),
('92200957002', 'VRAJ VIPULBHAI KAKASANIYA', '115774', '23', '17', '73'),
('92110133019', 'AAKASH ARVINDBHAI PRAJAPATI', '115839', '23', '21', '91'),
('92110133018', 'DEVANSHKUMAR KETANKUMAR BAGATHARIA', '115884', '23', '23', '100'),
('92110133017', 'MONIL DHIMAN PATEL', '115968', '22', '22', '100'),
('92200957006', 'TRUPALI JITENDRABHAI JASANI', '116242', '22', '22', '100'),
('92200957007', 'DRASHTI TUSHAR RIBADIYA', '116243', '22', '22', '100'),
('92200957008', 'DIPALI KISHORBHAI JOSHI', '116460', '23', '22', '95'),
('92200957009', 'MOHIB ISUBBHAI PATTA', '116571', '22', '22', '100'),
('92200957010', 'SANIDHYA JAYESHBHAI LUNAGARIYA', '116619', '22', '22', '100'),
('92200957011', 'ISHA HITESHKUMAR DAVE', '116725', '22', '19', '86'),
('92200957012', 'DHRUV SURESHBHAI MAKWANA', '116802', '23', '19', '82'),
('92200957013', 'PARI SUDIPBHAI MEHTA', '116844', '22', '22', '100'),
('92200957014', 'MEET NITINBHAI SENJALIYA', '116920', '23', '23', '100'),
('92200957015', 'ABHI RAJESHKUMAR MORI', '116936', '23', '22', '95'),
('92200957016', 'RUTVA MANOJBHAI CHAUHAN', '116952', '23', '22', '95'),
('92200957017', 'HARSHAL ALPESHBHAI BHATT', '117086', '23', '22', '95'),
('92200957018', 'TEJASBHAI KIRANBHAI VADGAMA', '117108', '23', '23', '100'),
('92200957019', 'DEVANSH JANAKBHAI KARIA', '117113', '22', '22', '100'),
('92200957020', 'SATYAJEETSINH VANRAJSINH CHUDASAMA', '117130', '22', '22', '100'),
('92200957021', 'KESHVI SHAILESHBHAI SANTOKI', '117170', '22', '22', '100'),
('92200957022', 'JAY ATULBHAI JAGATIYA', '117190', '23', '23', '100'),
('92200957023', 'AVANI NISITHBHAI KAILA', '117208', '23', '23', '100'),
('92200957024', 'PRATHAM NIRMALBHAI TANK', '117223', '22', '22', '100'),
('92200957025', 'VISHVDEEPSINH DIGPALSINH JADEJA', '117234', '22', '22', '100'),
('92200957026', 'DHRUV RASHMIN PANDYA', '117266', '22', '22', '100'),
('92200957027', 'RIYA HARIRAY THAKRAR', '117273', '22', '22', '100'),
('92200957028', 'ARYAN RAKESHBHAI KHIRASARIA', '117278', '23', '23', '100'),
('92200957029', 'DHRUVI NILESHBHAI GOLTAR', '117413', '23', '19', '82'),
('92200957030', 'JENISH VIJAYBHAI DESAI', '117438', '22', '22', '100'),
('92200957031', 'DRASHTI MANISHBHAI SUREJA', '117447', '23', '22', '95'),
('92200957032', 'HARPAL VAJUBHAI MAKWANA', '117468', '23', '20', '86'),
('92200957033', 'KRUTARTH CHETANBHAI RANPURA', '117531', '23', '23', '100'),
('92200957034', 'ARYAN  JOSHI', '117554', '23', '22', '95'),
('92200957035', 'DHRUV NITINBHAI DAVE', '117557', '23', '22', '95'),
('92200957036', 'GRISHMA PRAVINBHAI CHAUHAN', '117566', '23', '22', '95'),
('92200957037', 'PARIDHI ASHWINBHAI PAREKH', '117694', '22', '17', '77'),
('92200957038', 'JENISH HETULBHAI BAGTHARIYA', '117727', '23', '22', '95'),
('92200957039', 'KRISH PRAKASHBHAI SAKARIYA', '117759', '23', '23', '100'),
('92200957040', 'ARJUN JAGDISHBHAI LADVA', '117868', '23', '23', '100'),
('92200957065', 'DEEP  NANDA', '118009', '13', '10', '76'),
('92200957041', 'PRINCE BABUBHAI RATHOD', '118039', '23', '21', '91'),
('92200957042', 'AMISHA NITESH NAKUM', '118046', '22', '22', '100'),
('92200957043', 'HARSH CHANDRESHBHAI MOLIYA', '118048', '23', '21', '91'),
('92200957044', 'RIDDHI MAHENDRABHAI BAVARIYA', '118103', '23', '16', '69'),
('92200957045', 'KRISHRAJ KAUSHIKBHAI RATHOD', '118162', '22', '22', '100'),
('92200957046', 'TANISHQ RAJPARA  ', '118210', '23', '19', '82'),
('92200957047', 'JEET MANISHKUMAR PANDYA', '118366', '22', '21', '95'),
('92200957048', 'SHIVKUMAR PAUN  ', '118490', '22', '22', '100'),
('92200957049', 'KAAVYA  RAO', '118515', '22', '19', '86'),
('92200957050', 'SIMRAN SAMIRBHAI GHUMARA', '118559', '22', '22', '100'),
('92200957051', 'SANJANA RAAJ JAGANI', '118586', '22', '21', '95'),
('92200957052', 'DAKSHESH  DONGA', '118587', '23', '22', '95'),
('92200957053', 'JAHANVI BARAI  ', '118634', '22', '21', '95'),
('92200957054', 'NEEL TUSHAR PANDYA', '118770', '22', '22', '100'),
('92200957055', 'MAFAZ NASRULLABHAI MUSANI', '118924', '22', '22', '100'),
('92200957056', 'SWAYAMKUMAR MANEK  ', '118934', '19', '17', '89'),
('92200957057', 'JANAK KETANBHAI OZA', '118968', '22', '22', '100'),
('92200957058', 'DHRUV GOHEL  ', '119006', '23', '22', '95'),
('92200957059', 'MAHIMA  ', '119010', '22', '22', '100'),
('92200957060', 'ASMI DHIRAJBHAI AKBARI', '119058', '23', '22', '95'),
('92200957061', 'MOHIT DILIPBHAI PAREKH', '119059', '23', '23', '100'),
('92200957062', 'NISHIT  DHOKAI', '119064', '22', '22', '100'),
('92200957063', 'DHRUV DINESHBHAI CHHAYANI', '119199', '23', '23', '100'),
('92200957064', 'SHIVANG BHATT  ', '119209', '22', '22', '100'),
('92200957066', 'SAVAN MANOJBHAI BHANDERI', '119220', '23', '22', '95'),
('92200957067', 'HITTARTH NITINBHAI KHENI', '119358', '22', '22', '100'),
('92200957068', 'DIYA DILIPBHAI FALDU', '119452', '20', '19', '95'),
('92200957069', 'PREM NILESHBHAI JOSHI', '119457', '22', '22', '100'),
('92200957070', 'AYUSH DHARMESHBHAI VORA', '119460', '22', '22', '100'),
('92200957071', 'DEV BIPINBHAI BHORANIYA', '119605', '22', '22', '100'),
('92200957072', 'VIDHI SATISH MANGLANI', '119641', '22', '21', '95'),
('92200957073', 'DIVYARAJ PRADIPSINH PARMAR', '119662', '20', '19', '95'),
('92200957074', 'MOHD AADIL ADMANI  ', '119767', '20', '20', '100'),
('92200957075', 'HASTI RAJENDRABHAI MOD', '119894', '20', '18', '90'),
('92200957076', 'DAVID MUSHONI MPUYA  ', '119902', '22', '2', '9'),
('92200957077', 'DENZEL RUFU  ', '120219', '12', '2', '16'),
('92200957078', 'AMANI MUGISHA KEVIN  ', '120288', '9', '2', '22'),
('', '', '', '', '', '');

-- --------------------------------------------------------

--
-- Table structure for table `parents_details`
--

CREATE TABLE `parents_details` (
  `id` int(11) NOT NULL,
  `parent_name` varchar(255) NOT NULL,
  `parent_phone` varchar(15) NOT NULL,
  `email` varchar(255) NOT NULL,
  `password` varchar(255) NOT NULL,
  `STATUS` int(11) NOT NULL DEFAULT 0
) ENGINE=InnoDB DEFAULT CHARSET=utf8mb4 COLLATE=utf8mb4_general_ci;

--
-- Dumping data for table `parents_details`
--

INSERT INTO `parents_details` (`id`, `parent_name`, `parent_phone`, `email`, `password`, `STATUS`) VALUES
(1, 'Bhartiben Raval', '9712248044', 'kunalcraval2000@gmail.com', '123456', 0),
(2, 'Sarojben Trivedi', '9924962414', 'xyz@gmail.com', '123456', 0);

-- --------------------------------------------------------

--
-- Table structure for table `se`
--

CREATE TABLE `se` (
  `enroll` varchar(15) NOT NULL,
  `name` varchar(150) NOT NULL,
  `gr_no` varchar(6) NOT NULL,
  `total` varchar(3) NOT NULL,
  `present` varchar(3) NOT NULL,
  `percentage` varchar(4) NOT NULL
) ENGINE=InnoDB DEFAULT CHARSET=utf8mb4 COLLATE=utf8mb4_general_ci;

-- --------------------------------------------------------

--
-- Table structure for table `siot`
--

CREATE TABLE `siot` (
  `enroll` varchar(15) NOT NULL,
  `name` varchar(150) NOT NULL,
  `gr_no` varchar(6) NOT NULL,
  `total` varchar(3) NOT NULL,
  `present` varchar(3) NOT NULL,
  `percentage` varchar(4) NOT NULL
) ENGINE=InnoDB DEFAULT CHARSET=utf8mb4 COLLATE=utf8mb4_general_ci;

--
-- Dumping data for table `siot`
--

INSERT INTO `siot` (`enroll`, `name`, `gr_no`, `total`, `present`, `percentage`) VALUES
('92200957001', 'RUDRA MAYURBHAI GOHEL', '115773', '22', '19', '86'),
('92200957002', 'VRAJ VIPULBHAI KAKASANIYA', '115774', '23', '17', '73'),
('92110133019', 'AAKASH ARVINDBHAI PRAJAPATI', '115839', '23', '21', '91'),
('92110133018', 'DEVANSHKUMAR KETANKUMAR BAGATHARIA', '115884', '23', '23', '100'),
('92110133017', 'MONIL DHIMAN PATEL', '115968', '22', '22', '100'),
('92200957006', 'TRUPALI JITENDRABHAI JASANI', '116242', '22', '22', '100'),
('92200957007', 'DRASHTI TUSHAR RIBADIYA', '116243', '22', '22', '100'),
('92200957008', 'DIPALI KISHORBHAI JOSHI', '116460', '23', '22', '95'),
('92200957009', 'MOHIB ISUBBHAI PATTA', '116571', '22', '22', '100'),
('92200957010', 'SANIDHYA JAYESHBHAI LUNAGARIYA', '116619', '22', '22', '100'),
('92200957011', 'ISHA HITESHKUMAR DAVE', '116725', '22', '19', '86'),
('92200957012', 'DHRUV SURESHBHAI MAKWANA', '116802', '23', '19', '82'),
('92200957013', 'PARI SUDIPBHAI MEHTA', '116844', '22', '22', '100'),
('92200957014', 'MEET NITINBHAI SENJALIYA', '116920', '23', '23', '100'),
('92200957015', 'ABHI RAJESHKUMAR MORI', '116936', '23', '22', '95'),
('92200957016', 'RUTVA MANOJBHAI CHAUHAN', '116952', '23', '22', '95'),
('92200957017', 'HARSHAL ALPESHBHAI BHATT', '117086', '23', '22', '95'),
('92200957018', 'TEJASBHAI KIRANBHAI VADGAMA', '117108', '23', '23', '100'),
('92200957019', 'DEVANSH JANAKBHAI KARIA', '117113', '22', '22', '100'),
('92200957020', 'SATYAJEETSINH VANRAJSINH CHUDASAMA', '117130', '22', '22', '100'),
('92200957021', 'KESHVI SHAILESHBHAI SANTOKI', '117170', '22', '22', '100'),
('92200957022', 'JAY ATULBHAI JAGATIYA', '117190', '23', '23', '100'),
('92200957023', 'AVANI NISITHBHAI KAILA', '117208', '23', '23', '100'),
('92200957024', 'PRATHAM NIRMALBHAI TANK', '117223', '22', '22', '100'),
('92200957025', 'VISHVDEEPSINH DIGPALSINH JADEJA', '117234', '22', '22', '100'),
('92200957026', 'DHRUV RASHMIN PANDYA', '117266', '22', '22', '100'),
('92200957027', 'RIYA HARIRAY THAKRAR', '117273', '22', '22', '100'),
('92200957028', 'ARYAN RAKESHBHAI KHIRASARIA', '117278', '23', '23', '100'),
('92200957029', 'DHRUVI NILESHBHAI GOLTAR', '117413', '23', '19', '82'),
('92200957030', 'JENISH VIJAYBHAI DESAI', '117438', '22', '22', '100'),
('92200957031', 'DRASHTI MANISHBHAI SUREJA', '117447', '23', '22', '95'),
('92200957032', 'HARPAL VAJUBHAI MAKWANA', '117468', '23', '20', '86'),
('92200957033', 'KRUTARTH CHETANBHAI RANPURA', '117531', '23', '23', '100'),
('92200957034', 'ARYAN  JOSHI', '117554', '23', '22', '95'),
('92200957035', 'DHRUV NITINBHAI DAVE', '117557', '23', '22', '95'),
('92200957036', 'GRISHMA PRAVINBHAI CHAUHAN', '117566', '23', '22', '95'),
('92200957037', 'PARIDHI ASHWINBHAI PAREKH', '117694', '22', '17', '77'),
('92200957038', 'JENISH HETULBHAI BAGTHARIYA', '117727', '23', '22', '95'),
('92200957039', 'KRISH PRAKASHBHAI SAKARIYA', '117759', '23', '23', '100'),
('92200957040', 'ARJUN JAGDISHBHAI LADVA', '117868', '23', '23', '100'),
('92200957065', 'DEEP  NANDA', '118009', '13', '10', '76'),
('92200957041', 'PRINCE BABUBHAI RATHOD', '118039', '23', '21', '91'),
('92200957042', 'AMISHA NITESH NAKUM', '118046', '22', '22', '100'),
('92200957043', 'HARSH CHANDRESHBHAI MOLIYA', '118048', '23', '21', '91'),
('92200957044', 'RIDDHI MAHENDRABHAI BAVARIYA', '118103', '23', '16', '69'),
('92200957045', 'KRISHRAJ KAUSHIKBHAI RATHOD', '118162', '22', '22', '100'),
('92200957046', 'TANISHQ RAJPARA  ', '118210', '23', '19', '82'),
('92200957047', 'JEET MANISHKUMAR PANDYA', '118366', '22', '21', '95'),
('92200957048', 'SHIVKUMAR PAUN  ', '118490', '22', '22', '100'),
('92200957049', 'KAAVYA  RAO', '118515', '22', '19', '86'),
('92200957050', 'SIMRAN SAMIRBHAI GHUMARA', '118559', '22', '22', '100'),
('92200957051', 'SANJANA RAAJ JAGANI', '118586', '22', '21', '95'),
('92200957052', 'DAKSHESH  DONGA', '118587', '23', '22', '95'),
('92200957053', 'JAHANVI BARAI  ', '118634', '22', '21', '95'),
('92200957054', 'NEEL TUSHAR PANDYA', '118770', '22', '22', '100'),
('92200957055', 'MAFAZ NASRULLABHAI MUSANI', '118924', '22', '22', '100'),
('92200957056', 'SWAYAMKUMAR MANEK  ', '118934', '19', '17', '89'),
('92200957057', 'JANAK KETANBHAI OZA', '118968', '22', '22', '100'),
('92200957058', 'DHRUV GOHEL  ', '119006', '23', '22', '95'),
('92200957059', 'MAHIMA  ', '119010', '22', '22', '100'),
('92200957060', 'ASMI DHIRAJBHAI AKBARI', '119058', '23', '22', '95'),
('92200957061', 'MOHIT DILIPBHAI PAREKH', '119059', '23', '23', '100'),
('92200957062', 'NISHIT  DHOKAI', '119064', '22', '22', '100'),
('92200957063', 'DHRUV DINESHBHAI CHHAYANI', '119199', '23', '23', '100'),
('92200957064', 'SHIVANG BHATT  ', '119209', '22', '22', '100'),
('92200957066', 'SAVAN MANOJBHAI BHANDERI', '119220', '23', '22', '95'),
('92200957067', 'HITTARTH NITINBHAI KHENI', '119358', '22', '22', '100'),
('92200957068', 'DIYA DILIPBHAI FALDU', '119452', '20', '19', '95'),
('92200957069', 'PREM NILESHBHAI JOSHI', '119457', '22', '22', '100'),
('92200957070', 'AYUSH DHARMESHBHAI VORA', '119460', '22', '22', '100'),
('92200957071', 'DEV BIPINBHAI BHORANIYA', '119605', '22', '22', '100'),
('92200957072', 'VIDHI SATISH MANGLANI', '119641', '22', '21', '95'),
('92200957073', 'DIVYARAJ PRADIPSINH PARMAR', '119662', '20', '19', '95'),
('92200957074', 'MOHD AADIL ADMANI  ', '119767', '20', '20', '100'),
('92200957075', 'HASTI RAJENDRABHAI MOD', '119894', '20', '18', '90'),
('92200957076', 'DAVID MUSHONI MPUYA  ', '119902', '22', '2', '9'),
('92200957077', 'DENZEL RUFU  ', '120219', '12', '2', '16'),
('92200957078', 'AMANI MUGISHA KEVIN  ', '120288', '9', '2', '22'),
('', '', '', '', '', '');

-- --------------------------------------------------------

--
-- Table structure for table `student_details`
--

CREATE TABLE `student_details` (
  `id` int(11) NOT NULL,
  `enrollno` varchar(15) NOT NULL,
  `student_name` varchar(255) NOT NULL,
  `email` varchar(255) DEFAULT NULL,
  `student_phone` varchar(15) NOT NULL,
  `password` varchar(255) DEFAULT NULL,
  `parent_phone` varchar(15) DEFAULT NULL,
  `mentor_id` int(11) DEFAULT NULL,
  `elective_sub1` varchar(12) NOT NULL,
  `elective_sub2` varchar(12) NOT NULL,
  `class` varchar(10) NOT NULL,
  `lab_batch` varchar(5) DEFAULT NULL,
  `STATUS` int(11) DEFAULT 0
) ENGINE=InnoDB DEFAULT CHARSET=utf8mb4 COLLATE=utf8mb4_general_ci;

--
-- Dumping data for table `student_details`
--

INSERT INTO `student_details` (`id`, `enrollno`, `student_name`, `email`, `student_phone`, `password`, `parent_phone`, `mentor_id`, `elective_sub1`, `elective_sub2`, `class`, `lab_batch`, `STATUS`) VALUES
(5, '92110133017', 'Kunal Chandravadan Raval', 'kunal.raval111836@marwadiuniversity.ac.in', '7990827719', '123456', '9712248044', NULL, '01CT0623', '01CT0625', '6TK1', '', 0),
(6, '92110133018', 'Krunal Dilipbhai Trivedi', 'krunal.trivedi111837@marwadiuniversity.ac.in', '6355228042', '123456', '9924962414', NULL, '01CT0611', '01CT0627', '6TK1', '', 0),
(7, '92110133019', 'Prachi Dipakbhai Bhatt', 'prachi.bhatt111908@marwadiuniversity.ac.in', '7574961707', '123456', NULL, NULL, '01CT0623', '01CT0625', '6TK1', '', 0),
(8, '92110133021', 'Kinjal Jadav', 'kinjal@gmail.com', '7574961708', '123456', NULL, NULL, '01CT0611', '01CT0627', '6TK1', '', 0),
(9, '92110133009', 'Neer Amarbhai Gosrani', 'neer@gmail.com', '7574961709', '123456', NULL, NULL, '01CT0611', '01CT0627', '6TK1', '', 0),
(10, '92110133032', 'Aditya Pandya', 'adi@gmail.com', '7848591203', '123456', NULL, NULL, '01CT0611', '01CT0627', '6TK1', '', 0);

-- --------------------------------------------------------

--
-- Table structure for table `subject_details`
--

CREATE TABLE `subject_details` (
  `id` int(11) NOT NULL,
  `sub_code` varchar(12) NOT NULL,
  `sub_name` varchar(255) NOT NULL,
  `emp_id` int(11) NOT NULL,
  `class` varchar(5) DEFAULT NULL,
  `STATUS` int(11) NOT NULL DEFAULT 0
) ENGINE=InnoDB DEFAULT CHARSET=utf8mb4 COLLATE=utf8mb4_general_ci;

--
-- Dumping data for table `subject_details`
--

INSERT INTO `subject_details` (`id`, `sub_code`, `sub_name`, `emp_id`, `class`, `STATUS`) VALUES
(1, '01CT0617', 'hcd', 1456, '6TK1', 0),
(3, '01CT0616', 'ai', 1478, '6TK1', 0),
(4, '01CT0615', 'se', 2505, '6TK1', 0),
(5, '01CT0614', 'ot', 1478, '6TK1', 0),
(8, '01CR0601', 'bb', 0, '6TK1', 0),
(9, '01GS0601', 'ca_2', 0, '6TK1', 0),
(15, '01CT0401', 'ps', 0, '4TK1', 0);

--
-- Indexes for dumped tables
--

--
-- Indexes for table `elective_details`
--
ALTER TABLE `elective_details`
  ADD PRIMARY KEY (`id`),
  ADD UNIQUE KEY `sub_code` (`sub_code`),
  ADD KEY `emp_id` (`emp_id`);

--
-- Indexes for table `faculty_details`
--
ALTER TABLE `faculty_details`
  ADD PRIMARY KEY (`id`),
  ADD UNIQUE KEY `emp_no` (`emp_no`),
  ADD UNIQUE KEY `emp_email` (`email`),
  ADD UNIQUE KEY `emp_number` (`emp_number`),
  ADD UNIQUE KEY `sub_code` (`sub_code`);

--
-- Indexes for table `leaves`
--
ALTER TABLE `leaves`
  ADD PRIMARY KEY (`id`),
  ADD KEY `enrollno` (`enrollno`);

--
-- Indexes for table `parents_details`
--
ALTER TABLE `parents_details`
  ADD PRIMARY KEY (`id`),
  ADD UNIQUE KEY `parent_phone` (`parent_phone`),
  ADD UNIQUE KEY `email` (`email`);

--
-- Indexes for table `student_details`
--
ALTER TABLE `student_details`
  ADD PRIMARY KEY (`id`),
  ADD UNIQUE KEY `enrollno` (`enrollno`),
  ADD UNIQUE KEY `student_phone` (`student_phone`),
  ADD KEY `parent_phone` (`parent_phone`),
  ADD KEY `student_details` (`mentor_id`),
  ADD KEY `email` (`email`),
  ADD KEY `elective_sub1` (`elective_sub1`),
  ADD KEY `elective_sub2` (`elective_sub2`);

--
-- Indexes for table `subject_details`
--
ALTER TABLE `subject_details`
  ADD PRIMARY KEY (`id`),
  ADD UNIQUE KEY `sub_code` (`sub_code`),
  ADD KEY `emp_id` (`emp_id`);

--
-- AUTO_INCREMENT for dumped tables
--

--
-- AUTO_INCREMENT for table `elective_details`
--
ALTER TABLE `elective_details`
  MODIFY `id` int(11) NOT NULL AUTO_INCREMENT, AUTO_INCREMENT=10;

--
-- AUTO_INCREMENT for table `faculty_details`
--
ALTER TABLE `faculty_details`
  MODIFY `id` int(11) NOT NULL AUTO_INCREMENT, AUTO_INCREMENT=7;

--
-- AUTO_INCREMENT for table `leaves`
--
ALTER TABLE `leaves`
  MODIFY `id` int(11) NOT NULL AUTO_INCREMENT, AUTO_INCREMENT=13;

--
-- AUTO_INCREMENT for table `parents_details`
--
ALTER TABLE `parents_details`
  MODIFY `id` int(11) NOT NULL AUTO_INCREMENT, AUTO_INCREMENT=3;

--
-- AUTO_INCREMENT for table `student_details`
--
ALTER TABLE `student_details`
  MODIFY `id` int(11) NOT NULL AUTO_INCREMENT, AUTO_INCREMENT=78;

--
-- AUTO_INCREMENT for table `subject_details`
--
ALTER TABLE `subject_details`
  MODIFY `id` int(11) NOT NULL AUTO_INCREMENT, AUTO_INCREMENT=16;

--
-- Constraints for dumped tables
--

--
-- Constraints for table `elective_details`
--
ALTER TABLE `elective_details`
  ADD CONSTRAINT `elective_details_ibfk_1` FOREIGN KEY (`emp_id`) REFERENCES `faculty_details` (`emp_no`);

--
-- Constraints for table `faculty_details`
--
ALTER TABLE `faculty_details`
  ADD CONSTRAINT `faculty_details` FOREIGN KEY (`sub_code`) REFERENCES `subject_details` (`sub_code`);

--
-- Constraints for table `leaves`
--
ALTER TABLE `leaves`
  ADD CONSTRAINT `leaves_ibfk_1` FOREIGN KEY (`enrollno`) REFERENCES `student_details` (`enrollno`);

--
-- Constraints for table `student_details`
--
ALTER TABLE `student_details`
  ADD CONSTRAINT `student_details` FOREIGN KEY (`mentor_id`) REFERENCES `faculty_details` (`emp_no`),
  ADD CONSTRAINT `student_details_ibfk_1` FOREIGN KEY (`parent_phone`) REFERENCES `parents_details` (`parent_phone`),
  ADD CONSTRAINT `student_details_ibfk_2` FOREIGN KEY (`elective_sub1`) REFERENCES `elective_details` (`sub_code`),
  ADD CONSTRAINT `student_details_ibfk_3` FOREIGN KEY (`elective_sub2`) REFERENCES `elective_details` (`sub_code`);

--
-- Constraints for table `subject_details`
--
ALTER TABLE `subject_details`
  ADD CONSTRAINT `subject_details_ibfk_1` FOREIGN KEY (`emp_id`) REFERENCES `faculty_details` (`emp_no`);
COMMIT;

/*!40101 SET CHARACTER_SET_CLIENT=@OLD_CHARACTER_SET_CLIENT */;
/*!40101 SET CHARACTER_SET_RESULTS=@OLD_CHARACTER_SET_RESULTS */;
/*!40101 SET COLLATION_CONNECTION=@OLD_COLLATION_CONNECTION */;
